,Statement,Ruling,Economics (T/F)
0,Why Donald Trumps tweet national debt decrease first month highly misleading ,Mostly False,F
1,In Texas drive NUM miles voter ID ,Half-True,F
2,Donald Trump Florida laments whats happening last night Sweden But nothing happened ,False,F
3,Sen Bob Menendez says immigration raids business usual ,Half-True,F
4,Trump hints stock market record high linked optimism presidency ,Mostly True,T
5,Is news media less trusted Congress ,Mostly False,F
6,Trumps flipflop leaks release secret information ,Full Flop,F
7,Benjamin Netanyahu largely correct Iranian missiles Hebrewlanguage threats ,Mostly True,F
8,West Virginia uninsured rate declined though fast Bernie Sanders said ,Mostly True,F
9,Did court find indication terrorism seven nations Trump order ,Mostly False,F
10,Arkansas senator says NUM million green cards issued employmentbased ,Mostly True,T
11,Border fence Israel cut illegal immigration NUM percent GOP senator says ,Mostly True,F
12,Donald Trump says refugee admissions surged NUM countries suspension executive order ,Mostly True,F
13,White House senior adviser repeats baseless claim busing illegal voters New Hampshire ,Pants on Fire!,F
14,Donald Trump wrongly says CNN cut Bernie Sanders calling network fake news ,False,F
15,Sanders said Obamas SCOTUS nominees required NUM votes complicated ,Half-True,F
16,Trump wrong  Sen Blumenthals CNN interview Vietnam ,False,F
17,Senate Republicans use Rule NUM Ted Cruz attacked Mitch McConnell ,Mostly True,F
18,Donald Trump wrong murder rate highest NUM years ,False,F
19,Donald Trump wrong say Kuwait followed lead visa ban ,Mostly False,F
20,No proof ISIS leaders using Donald Trumps travel ban recruitment ,Mostly False,F
21,Donald Trump wrong media reporting terrorism ,Pants on Fire!,F
22,President Trump says NUM people affected travel ban Its least NUM ,False,F
23,Factchecking Kellyanne Conway Bowling Green massacre ,False,F
24,Kellyanne Conway wrongly says longest US gone without Treasury secretary ,False,F
25,Most Syrian refugees women children Keith Ellison said ,True,F
26,Trump claims Obama made deal take thousands illegal immigrants Australia ,Half-True,F
27,Does Neil Gorsuch side felons gun safety Pelosi says ,Mostly False,F
28,Nancy Pelosi overstates Wall Street refusal support Democrats ,Mostly False,F
29,McCain says Taliban murdered people Chelsea Manning WikiLeaks ,Mostly False,F
30,Joni Ernst target describing NUMthhour Obama rule affecting Planned Parenthood ,Mostly True,F
31,Spicers misleading claim Trumps National Security Council identical Bushs Obamas ,Mostly False,F
32,Kellyanne Conway incorrect worker remittances Mexico No NUM income flow ,False,F
33,Why comparing Trumps Obamas immigration restrictions flawed  ,Mostly False,F
34,No terrorist attacks post NUM people countries Trumps travel ban ,Half-True,F
35,No evidence Trump claim impossible Syrian Christians enter US ,False,F
36,Chuck Schumer wrongly tweets Tillerson wont divest Exxon ,Pants on Fire!,F
37,Donald Trumps inaugural speech polled well well predecessors ,Mostly True,F
38,Donald Trump unanimously endorsed ICE border patrol ,Mostly False,F
39,Claire McCaskill overstates tax impacts repealing Obamacare ,Mostly False,F
40,Heres need know Californias climate change deal ,Mostly True,F
41,Pants Fire claim George Soros money went Womens March protesters ,Pants on Fire!,F
42,Sean Spicer wrongly uses Pew study bolster claim noncitizens vote large numbers ,False,F
43,Sean Spicers claim dramatic expansion federal workforce exaggerated ,Mostly False,F
44,Donald Trumps stat homicide increase major cities solid ,Mostly True,F
45,White House website says DC homicides climbed NUM percent recent data shows fell ,Mostly False,F
46,Trump wrongly blames press feud intel community ,False,F
47,Donald Trump biggest inaugural crowd ever Metrics dont show ,Pants on Fire!,F
48,Trump wrongly says US made others rich wealth dissipated  ,Mostly False,T
49,Viral image Democratic senators big pharma misleading ,Mostly False,F
50,Education nominee Betsy DeVos says Wyoming school might need guns stop grizzly bears ,False,F
51,John Lewis wrong whether skipped inauguration Donald Trumps ,Pants on Fire!,F
52,Rep Luke Messer correct NUM act allows construction border wall ,True,F
53,Trumps exaggerated claim John Lewis district falling apart crime infested  ,Mostly False,T
54,Medicaid expansion drove health insurance coverage health law Rand Paul says ,Half-True,F
55,Trump lawyer Foreign dignitaries staying Trump hotel doesnt violate Constitution ,Half-True,F
56,Keith Ellison wrong CBO cant analyze cost Obamacare repeal ,False,F
57,Rex Tillerson misleads Russian sanctions opposition ,Mostly False,F
58,Viral post exaggerates GOP senators bill embassy move ,Mostly False,F
59,Trump wrong Americans dont care tax returns ,False,F
60,Trump says Russians unable hack Republican National Committee ,Mostly True,F
61,Jeff Sessions objected immigrants armed forces Senator Durbin says ,Mostly True,F
62,Mitch McConnell says NUM NUM favor changing Obamacare significantly replacing altogether ,Mostly True,F
63,Schumer Trump HHS pick Tom Price odds Medicare ,Mostly True,F
64,Mike Pence says Obamacare American families seen increase premiums NUM ,Half-True,F
65,Donald Trumps dubious claim foreign governments absolutely effect election outcome ,Mostly False,F
66,Cory Booker McConnell wanted full ethics review Obama nominees hearings ,Mostly True,F
67,Mostly True Trump tweet GM Chevy Cruze manufacturing ,Mostly True,T
68,Its True WikiLeaks dumped Podesta emails hour Trump video surfaced ,True,F
69,Pants Fire Trump tweet White House Russian hacking probe ,Pants on Fire!,F
70,Did Rex Tillerson oil CEO secretary state pick sue keep fracking backyard ,Mostly True,F
71,Donald Trumps Electoral College victory massive landslide ,False,F
72,Reince Priebus falsely claims conclusive report whether Russia tried influence election ,False,F
73,Factchecking Donald Trumps tweet Air Force One Boeing ,Half-True,F
74,Mike Pence says Donald Trump counties Republican since Ronald Reagan ,Mostly True,F
75,New York City mayor says president cant defund sanctuary cities across board ,Mostly True,F
76,Donald Trumps Pants Fire claim millions illegal votes cost popular vote victory ,Pants on Fire!,F
77,Santa Fe mayor defends sanctuary cities says studies dont show increase crime ,Half-True,F
78,Reince Priebus says Trump Congress similar immigration policies ,Mostly True,F
79,Rand Paul says John Bolton still thinks Iraq War right decision ,True,F
80,No someone wasnt paid NUM protest Donald Trump fake news ,Pants on Fire!,F
81,Giuliani President Trump exempt conflictofinterest laws ,True,F
82,Trump misleads number criminal immigrants illegally country ,Half-True,F
83,Donald Trump says New York Times apologized bad coverage ,False,F
84,Donald Trump wrongly tweets never said countries nuclear weapons ,False,F
85,No Donald Trump beating Hillary Clinton popular vote ,Pants on Fire!,F
86,No evidence support rumors We hate Muslims chant Trump victory rally ,Pants on Fire!,F
87,In closing argument Donald Trump wrongly says outdraws Beyonce Jay Z ,False,F
88,Obama says Republicans tried purge black Democrats voter rolls North Carolina ,Half-True,F
89,Donald Trump correct NUM NUM workingage Americans employed ,Mostly True,T
90,Tim Kaine right Spanish first European language spoken United States ,True,F
91,Would NUM single parents see taxes rise Donald Trumps tax plan ,True,F
92,Donald Trumps Pants Fire claim Obama screamed protester ,Pants on Fire!,F
93,Hillary Clinton Donald Trump says organized crime runs wild reservations ,Half-True,F
94,Trump wrongly claims tremendous support women ,False,F
95,Evidence ridiculously thin sensational claim huge underground Clinton sex network ,Pants on Fire!,F
96,Trump says media doesnt show crowds rallies Hes wrong ,False,F
97,Hillary Clinton says Donald Trump wants undo marriage equality ,True,F
98,Trump leaves context claim immigrants crime ,Half-True,F
99,Is Mike Pence right NUM NUM US households dont anyone working ,Half-True,T
100,Hillary Clinton says Donald Trump doesnt believe equal pay ,Half-True,T
101,On average Donald Trump comparison health care housing doesnt match data ,Mostly False,T
102,Trump says Twitter Google Facebook buried Clinton emails story ,False,F
103,Trump said would require schools allow guns Clinton says ,True,F
104,Factchecking Donald Trump FBI probe Clinton emails ,Half-True,F
105,ProClinton Super PAC says Trump wants deport millions including Dreamers ,Mostly True,F
106,Trumps claim weak economic growth President Obama doesnt tell full story ,Mostly True,T
107,Claim George Soros owns US voting machines Pants Fire ,Pants on Fire!,F
108,Pants Fire Trump says Clinton would let NUM million people US one week ,Pants on Fire!,F
109,Clinton campaign says Comey letter violates Justice Department protocols ,Mostly True,F
110,Clinton wrongly says FBI director sent letter emails Republicans ,False,F
111,Clinton says kids healthier ,Half-True,F
112,Donald Trump says half young black children abject poverty ,Half-True,F
113,Clinton Undocumented workers pay Trump federal income taxes ,Half-True,F
114,Newt Gingrich misleading saying Bill Clinton paid NUM penalty ,Half-True,F
115,Did US spend NUM trillion Middle East wars ,Half-True,F
116,Facts dispute Donald Trumps claim donation FBI spouse linked Clinton email decision ,Mostly False,F
117,Clinton said Trump wants know allies payments defending ,True,F
118,Donald Trump absurdly claims Clinton campaign chairman rigged polls Pants Fire ,Pants on Fire!,F
119,Is Trump firstever candidate say hell accept election results ,Mostly True,F
120,Hillary Clinton exaggerates saying Donald Trump plans deport NUM million people ,Half-True,F
121,Donald Trump wrongly says NUM percent noncitizens registered vote ,False,F
122,Half True Clinton says sponsored NUM bills worked GOP ,Half-True,F
123,Clinton School boards antiCatholic scare tactics NUM election ,Half-True,F
124,Context crucial defining many countries harbor ISIS ,Half-True,F
125,Do Clinton donors throw gays buildings No thats ISIS ,Mostly False,F
126,Donald Trump says Ford moving smallcar production Mexico ,Mostly True,F
127,Trump right Obamas deportation numbers wrong nobody talking ,Half-True,F
128,Trump says Russia added nuclear warheads US hasnt ,Half-True,F
129,What Hillary Clintons plans mean US debt ,Half-True,F
130,Donald Trump says reports sexual assault disproven ,False,F
131,Hillary Clinton says Donald Trump claimed Emmys rigged ,Half-True,F
132,Donald Trump says Hillary Clinton wrong say mocked disabled reporter ,False,F
133,Hillary Clinton Donald Trump still promising deport every undocumented person ,Mostly True,F
134,Hillary Clinton correctly claims Trump Tower part built undocumented workers ,True,F
135,Trump wrongly says NUM billion went missing State Department Clinton ,Pants on Fire!,F
136,Donald Trump says Hillary Clinton fought wall US Mexico ,Half-True,F
137,Donald Trump offbase saying Hillary Clinton double taxes ,Mostly False,T
138,Hillary Clinton blames highup Russians WikiLeaks releases ,True,F
139,Donald Trump says Hillary Clinton wants open borders ,Mostly False,F
140,Hillary Clinton says Supreme Court gun decision dealt protecting toddlers ,Half-True,F
141,Hillary Clinton says NUM Americans die year guns ,Mostly True,F
142,Trump says heroin pours across southern border ,True,F
143,Mike Pence wrong Haiti contracts steered Clinton friends ,False,F
144,Clinton twists Trumps words rescuing auto industry recession ,Pants on Fire!,F
145,Trump offbase Buffett Soros deductions ,Mostly False,F
146,Clinton correct Buffett claimed pay lower tax rate secretary ,True,F
147,FBI director James Comey says Donald Trump flipped Petraeus case worse Clintons ,False,F
148,Donald Trumps Pants Fire claim large scale voter fraud ,Pants on Fire!,F
149,Trump says workers making less working harder NUM years ago ,Mostly False,T
150,Pence wrongly says half Hillary Clintons meetings went foundation donors ,Mostly False,F
151,Donald Trump wrongly maligns US chess prowess ,Pants on Fire!,F
152,Donald Trump wildly exaggerates Amb Christopher Stevens requests extra Benghazi security ,Mostly False,F
153,Clinton says Muslims America since George Washington ,True,F
154,Obama says terrorism worldwide increased substantially since took office ,Mostly False,F
155,Trump Ive proven right Clinton wanting open borders ,Mostly False,F
156,Clinton right Trump tax plan gives rich Bush tax cuts ,True,F
157,Hillary Clinton claim US energy independent goes far ,False,F
158,Donald Trump offbase claim Michelle Obama ad Hillary Clinton  ,False,F
159,Donald Trump incorrectly pins Benghazi criticism Sidney Blumenthal ,False,F
160,Trump mangles facts Clinton Haiti jobs project ,Mostly False,F
161,Trump says Clinton viciously attacked charged abuse Bill ,Mostly False,F
162,Clinton says gone red line Syria incident ,Mostly False,F
163,Donald Trump says ICE endorsed ,Mostly False,F
164,Donald Trump largely accurate US biggest increase murders NUM years ,Mostly True,F
165,Donald Trump wrongly says Hillary Clinton laughed NUMyearold rape victim ,False,F
166,Clinton said terrorists use Trumps remarks Muslims recruitment ,True,F
167,Trumps Pants Fire earlymorning tweet Alicia Machado ,Pants on Fire!,F
168,Trump Clinton wont use term radical Islamic terrorists ,Mostly False,F
169,Donald Trump wrongly says Hillary Clinton wants go singlepayer plan health care ,False,F
170,Donald Trump says Hillary Clinton deleted NUM emails getting subpoena ,Half-True,F
171,Hillary Clinton says record NUM Americans health insurance today ,True,F
172,Donald Trump fiduciary responsibility personal tax returns experts say ,False,F
173,Tim Kaine said Trump ticket wants deport NUM million end birthright citizenship ,Half-True,F
174,Trump Clinton promised add NUMK jobs upstate New York lost many jobs ,Mostly True,F
175,Limited data support Gina Raimondos claim motorists save illegal immigrants get licenses ,Mostly True,T
176,Tim Kaine overstates Clintons record cutting Russias nuclear stockpile ,Half-True,F
177,Pences False claim Trump hasnt broken tax return promise ,False,F
178,Mike Pence tidies Donald Trumps quote Mexicans good people ,Half-True,F
179,Tim Kaine recalls Mike Pence comment Vladimir Putin ,Mostly True,F
180,Kaine Police stopped slain Minnesota driver NUM times ,True,F
181,At debate Mike Pence claims Trump never said nations nuclear weapons ,Mostly False,F
182,Mike Pence says Hillary Clinton wants turn Obamacare singlepayer ,Mostly False,F
183,Tim Kaine Mostly False Donald Trumps Social Security stance ,Mostly False,F
184,Kaine Trump said undocumented immigrants gone ,Half-True,F
185,Pence repeats false claim Clinton Foundations limited charitable work ,False,F
186,Tim Kaine says Obama administration NUM million jobs created  ,Half-True,T
187,Mike Pence Hillary Clinton failed keep US troops Iraq ,Mostly False,F
188,Mike Pence leaves details tax cut ,Half-True,F
189,Tim Kaine says Donald Trump Mike Pence want eliminate federal minimum wage ,Half-True,T
190,Hillary Clintons offbase linkage tax cuts Great Recession ,Mostly False,T
191,Barack Obama says VA budget risen NUM percent watch ,Half-True,F
192,Partial credit Chelsea Clinton says Gary Johnson wants eliminate public schools ,Half-True,F
193,Trump says NUM people going deported ended becoming citizens ,Mostly True,F
194,Claims Hillary Clinton wore earpiece debate dont hold ,Pants on Fire!,F
195,Donald Trump Lester Holt clash whether stopandfrisk constitutional New York ,Mostly False,F
196,Donald Trump My TransPacific Partnership opposition made Hillary Clinton change stance ,False,T
197,Donald Trump wrong NATO increasing terrorism efforts largely ,False,F
198,Trump says Clinton would bring NUM refugees first term ,False,F
199,Donald Trump offbase saying murders New York City ,Mostly False,F
200,Donald Trumps false claim Clintons energy plan cost economy NUM trillion ,False,F
201,Trump falsely tries pin birtherism Clinton insiders ,False,F
202,At debate Hillary Clinton tax claim ignores years Donald Trump reportedly paid federal taxes ,Mostly False,F
203,True Hillary Clinton says federal government sued Donald Trump housing discrimination ,True,F
204,Hillary Clinton correctly cites outside analyses Trumps tax plan ,True,F
205,Donald Trump says Chicago experienced thousands shootings year ,True,F
206,At first debate Donald Trump claims war Iraq ,False,F
207,Hillary Clinton claims Donald Trump invited Russian President Vladimir Putin  hack Americans ,Half-True,F
208,Donald Trump says Hillary Clinton lauded controversial TransPacific trade deal ,Mostly True,T
209,Hillary Clinton correct gun deaths young black males outpace next NUM causes combined ,True,F
210,Donald Trump wrong learn financial disclosure form tax returns ,False,T
211,At New York debate Donald Trump denies saying climate change Chinese hoax ,Mostly False,T
212,Hillary Clinton says Donald Trump said would negotiate national debt ,Mostly True,T
213,Hillary Clinton says Donald Trump rooted housing crisis ,Mostly True,T
214,Donald Trump wrong say Hillary Clinton wants shut natural gas fracking ,Half-True,T
215,Donald Trump claim Israeli profiling misses broader security context ,Half-True,F
216,Experts say Donald Trumps policies dovetail Vladimir Putin would like Russia ,Mostly True,T
217,Trumps Pants Fire claim black communities absolutely worst shape ever ,Pants on Fire!,T
218,Hillary Clinton overstates impact New START Russias nuclear arsenal ,Half-True,F
219,Donald Trump says never called profiling Muslims ,False,F
220,Hillary Clinton says immigration reform add NUM billion US economy ,Half-True,T
221,RNC makes weak case past eight years black youth unemployment ,Mostly False,T
222,Hillary Clinton correct Hispanic wealth disproportionately lower share population ,True,T
223,Trump says years immigrant share population break records ,Mostly True,F
224,Tim Kaine says millennials agree Clinton Trump big issues ,Mostly True,F
225,Donald Trumps Pants Fire claim finished Obama birther talk ,Pants on Fire!,F
226,Factchecking Donald Trumps claim Hillary Clinton started Obama birther movement ,False,F
227,Full Flop Donald Trump abandons Barack Obama birther conspiracy ,Full Flop,F
228,John Fleming attacks IRS inaccurate radio ad ,False,F
229,Donald Trumps Pants Fire claim Hillary Clinton child care plan ,Pants on Fire!,F
230,No Donald Trumps foundation money come ,False,F
231,Clinton ad Trump Management charged discriminating black people ,True,F
232,Comparing medical histories Clinton Trump Romney Obama ,Mostly True,F
233,Trump says NUM million legal crossings along USMexico border ,Mostly True,F
234,That Hillary Clinton undercover nurse story bogus ,Pants on Fire!,F
235,Barack Obama says Trump foundation took peoples money bought sixfoottall painting ,True,F
236,Wolfowitz wrongly says Germany France thought Iraq WMD ,Mostly False,F
237,Trump right Heroin coming southern border ,True,F
238,William Weld says NUM Americans want Gary Johnson debates ,Half-True,F
239,Mike Pence says effort made visa overstays ,Half-True,F
240,Bloggers hype Hillary Clinton health poll representative survey doctors ,False,F
241,Hillary Clinton wrongly says legal fire employees discussing pay places ,Mostly False,F
242,Donald Trumps False claim veterans treated worse illegal immigrants ,False,F
243,Facts take vacation Occupy Democrats post presidential congressional time ,Pants on Fire!,F
244,Did Vladimir Putin call Trump brilliant  ,Mostly False,F
245,Hillary Clinton says Trump supported intervention Libya ,Mostly True,F
246,Hillary Clinton says none emails classification headers ,Mostly True,F
247,Hillary Clinton says Donald Trump supports privatizing VA health care system ,Mostly False,F
248,Did Hillary Clinton say satisfied Veterans Administration  ,Mostly False,F
249,Trump repeats wrong claim opposed Iraq War ,False,F
250,Rudy Giuliani says food stamps rose two half times Barack Obama ,False,F
251,Donald Trump says financial disclosures make lack releasing tax returns ,False,F
252,Trump says Secure Communities NUMg immigration programs worked ,Half-True,F
253,Pence wrongly says Trump consistent immigration views ,False,F
254,Mike Pence cites Clinton support Syrian refugees ,True,F
255,Donald Trump strays key facts Hillary Clinton amnesty social programs immigrants ,Mostly False,T
256,Donald Trump says Obama letNUM criminal aliens goback UScommunities ,Half-True,F
257,Mostly True Donald Trump says NUM countries refuse take back natives America ,Mostly True,F
258,Donald Trump repeats Pants Fire claim NUM million illegal immigrants ,Pants on Fire!,F
259,Donald Trump says illegal immigration costs NUM billion year ,Mostly False,F
260,Did Clinton Foundation go beyond transparency ,Half-True,F
261,Has Hillary Clinton press conference NUM days ,Mostly True,F
262,PAC ad say Bruce Poliquin voted force seniors pay prescription drugs ,Half-True,F
263,Donald Trump wrong innercity crime reaching record levels ,Pants on Fire!,F
264,Reince Priebus says Clinton campaign supporters started birther movement ,Half-True,F
265,Trump says going build wall NUM environmental rules got way ,Mostly False,F
266,Gary Johnson questions pollsters tries join Clinton Trump debate stage ,False,F
267,Did Hillary Clinton call AfricanAmerican youth superpredators ,Mostly True,F
268,Hillary Clinton citing Trump Effect says teachers reporting bullying schools ,Mostly True,F
269,Trumps False claim Hillary Clinton wants raise taxes AfricanAmerican businesses NUM percent ,False,F
270,Donald Trump Clintons celebrity backers arent hot anymore ,Mostly False,F
271,Donald Trump offers misleading statistics Hispanic poverty ,Mostly False,F
272,Reince Priebus False claim NUM Clinton Foundation costs overhead ,False,F
273,Donald Trump ad says illegal immigrants would collecting Social Security Hillary Clinton ,Mostly False,T
274,Clinton surrogate spins Clinton Foundation defense ,Mostly False,F
275,Congressman proposes new tax remittances pay Trumps border wall We checked numbers ,Half-True,T
276,Donald Trump flubs unemployment calculated ,False,T
277,Trump Since China joined WTO US lost NUM factories ,Mostly True,T
278,Trump hints stock market record high linked optimism presidency ,Mostly True,T
279,Arkansas senator says NUM million green cards issued employmentbased ,Mostly True,T
280,Trump wrongly says US made others rich wealth dissipated  ,Mostly False,T
281,Trumps exaggerated claim John Lewis district falling apart crime infested  ,Mostly False,T
282,Mostly True Trump tweet GM Chevy Cruze manufacturing ,Mostly True,T
283,Donald Trump correct NUM NUM workingage Americans employed ,Mostly True,T
284,Is Mike Pence right NUM NUM US households dont anyone working ,Half-True,T
285,Hillary Clinton says Donald Trump doesnt believe equal pay ,Half-True,T
286,On average Donald Trump comparison health care housing doesnt match data ,Mostly False,T
287,Trumps claim weak economic growth President Obama doesnt tell full story ,Mostly True,T
288,Donald Trump offbase saying Hillary Clinton double taxes ,Mostly False,T
289,Trump says workers making less working harder NUM years ago ,Mostly False,T
290,Limited data support Gina Raimondos claim motorists save illegal immigrants get licenses ,Mostly True,T
291,Tim Kaine says Obama administration NUM million jobs created  ,Half-True,T
292,Tim Kaine says Donald Trump Mike Pence want eliminate federal minimum wage ,Half-True,T
293,Hillary Clintons offbase linkage tax cuts Great Recession ,Mostly False,T
294,Donald Trump My TransPacific Partnership opposition made Hillary Clinton change stance ,False,T
295,Donald Trump says Hillary Clinton lauded controversial TransPacific trade deal ,Mostly True,T
296,Donald Trump wrong learn financial disclosure form tax returns ,False,T
297,At New York debate Donald Trump denies saying climate change Chinese hoax ,Mostly False,T
298,Hillary Clinton says Donald Trump said would negotiate national debt ,Mostly True,T
299,Hillary Clinton says Donald Trump rooted housing crisis ,Mostly True,T
300,Donald Trump wrong say Hillary Clinton wants shut natural gas fracking ,Half-True,T
301,Experts say Donald Trumps policies dovetail Vladimir Putin would like Russia ,Mostly True,T
302,Trumps Pants Fire claim black communities absolutely worst shape ever ,Pants on Fire!,T
303,Hillary Clinton says immigration reform add NUM billion US economy ,Half-True,T
304,RNC makes weak case past eight years black youth unemployment ,Mostly False,T
305,Hillary Clinton correct Hispanic wealth disproportionately lower share population ,True,T
306,Donald Trump strays key facts Hillary Clinton amnesty social programs immigrants ,Mostly False,T
307,Donald Trump ad says illegal immigrants would collecting Social Security Hillary Clinton ,Mostly False,T
308,Hillary Clintons claim would make biggest jobs investment since World War II ,Half-True,T
309,Donald Trump says Hillary Clinton plan would tax small businesses nearly NUM percent ,Mostly False,T
310,Donald Trump exaggerates youth unemployment Reddit AMA ,False,T
311,Donald Trump correctly claims homeownership NUMyear low ,Mostly True,T
312,Clinton tips hat Bernie Sanders uses date statistic ,Half-True,T
313,Hillary Clintons Half True claim job recovery Obamas tenure ,Half-True,T
314,Donald Trump gets Full Flop stance minimum wage ,Full Flop,T
315,Biden Almost right US workers productive ,Mostly True,T
316,At DNC Tim Kaine says even Republicans think Donald Trumps proposals problematic ,Half-True,T
317,Elizabeth Warren says Donald Trump excited NUM housing crash ,Half-True,T
318,At DNC Bernie Sanders repeats claim top onetenth NUM owns much wealth bottom NUM ,Mostly True,T
319,Donald Trump Jr says unemployment rates manipulated political purposes ,Pants on Fire!,T
320,Donald Trump largely right household incomes NUM since NUM ,Mostly True,T
321,Donald Trump says goods trade deficit almost NUM billion NUM ,True,T
322,Donald Trump says Latino poverty grown Obama ignores important stat  ,Half-True,T
323,Mike Pence touts top Indiana credit rating achieved became governor ,Mostly True,T
324,Mike Pence says Hoosiers going work ever ,Half-True,T
325,Jeff Sessions says lowest percentage Americans working NUM years ,Mostly True,T
326,Mike Pence offers misleading statistic employment peak Indiana ,Half-True,T
327,Hillary Clinton says according analysts Donald Trump would increase debt NUM trillion ,Half-True,T
328,Barack Obama wrong size US steel production work force ,False,T
329,Donald Trump exaggerates Hillary Clintons role growing trade deficit China ,Mostly False,T
330,Hillary Clinton says American NUMks lost NUM billion Brexit vote ,Mostly True,T
331,Hillary Clinton correct analysts called Donald Trump top global economic risk ,True,T
332,Clinton Trump say Moodys economist team ,Half-True,T
333,Donald Trump flubs claim Hillary Clinton deleted support trade deal book ,Pants on Fire!,T
334,Obama Weve seen manufacturing jobs created anytime since NUMs ,Half-True,T
335,In shot Donald Trump Hillary Clinton correct tariffs role Great Depression ,True,T
336,Hillary Clinton faults Donald Trump hoping real estate crash led Great Recession ,Mostly True,T
337,Hillary Clinton says NUM best year US auto industry history ,Mostly True,T
338,Are aftertax incomes NUM since NUM  ,Mostly True,T
339,Hillary Clinton says market forces made coal companies go bankrupt ,Mostly True,T
340,Bernie Sanders says minimum wage hike NUM would reduce federal assistance NUM billion year ,Mostly False,T
341,Donald Trumps economic agenda imposing massive taxes American people Ted Cruz claims ,Half-True,T
342,Does Hillary Clinton want NUM NUM minimum wage ,Mostly True,T
343,Does CBO report suggest US economy faces decade protracted economic malaise ,Half-True,T
344,Club Growth claim ignores key points Donald Trumps stand healthcare coverage ,False,T
345,Ted Cruz pins much blame outflow jobs Barack Obama ,Mostly False,T
346,No GDP growth zero Donald Trump said Miami GOP debate ,False,T
347,Bernie Sanders statistic black Hispanic unemployment merit may date ,Mostly True,T
348,John Kasich ad says NUM million Americans work ,Half-True,T
349,Bernie Sanders wrong say When youre white  dont know like poor ,False,T
350,Hillary Clinton Barack Obama set new Wall Street fundraising record first ran president ,Mostly True,T
351,Hillary Clinton says wants return minimum wage high NUM hour todays dollars ,Half-True,T
352,Americans really havent raise NUM years Hillary Clinton says ,Mostly True,T
353,Bernie Sanders correct diagnosis US prescription drug prices typically highest world ,Mostly True,T
354,Donald Trump repeats Pants Fire claim unemployment rate could NUM percent ,Pants on Fire!,T
355,Bernie Sanders offers overheated claim Republicans stand climate change ,False,T
356,Bernie Sanders exaggerates concentration wealth income top NUM percent ,Half-True,T
357,Ted Cruz claim median AfricanAmerican income rose NUM Reagan ,Mostly False,T
358,Mixed bag Bernie Sanders claim wages hours income growth ,Half-True,T
359,Ted Cruz says US lowest percentage Americans working today year since NUM ,Mostly True,T
360,Barack Obama says US strongest durable economy world State Union ,Mostly True,T
361,Marco Rubio super PAC says Chris Christie imposed Internet tax New Jersey ,Mostly False,T
362,Economy weak raise income levels says Nikki Haley State Union response  ,Mostly True,T
363,Business created jobs every month since Obamacare became law Obama said State Union ,True,T
364,We cut deficits almost threequarters Obama says State Union ,Mostly True,T
365,Hillary Clinton says wages havent risen since turn century ,Half-True,T
366,Bernie Sanders says half black workers earn less NUM hour ,Mostly True,T
367,At debate Rand Paul says income inequality worse cities run Democrats ,Half-True,T
368,Ben Carson said raising minimum wage increase joblessness ,False,T
369,Christie The US worst recovery since WWII ,Half-True,T
370,Ted Cruz says median wage women dropped NUM Obama ,False,T
371,Rubio says businesses closing opening first time NUM years ,Half-True,T
372,Internet graphic says suicide rate much higher Denmark United States ,Mostly False,T
373,In debate Bernie Sanders says AfricanAmerican youth unemployment NUM NUM Hispanics ,Half-True,T
374,Wasserman Schultz Under conservative Republican president losing NUM jobs month ,Mostly True,T
375,Donald Trump says unemployment rate may NUM percent ,Pants on Fire!,T
376,Jeb Bush says tax policies George W Bush created dynamic effect high growth ,Mostly False,T
377,Ted Cruz says slow economic growth Jimmy Carter Barack Obama stands apart ,Mostly False,T
378,Hillary Clinton Recessions frequent Republicans Democrats ,Mostly True,T
379,Trump Walker turned NUM billion surplus NUM budget shortfall ,Mostly False,T
380,Donald Trump says US NUM million people work thats way high ,False,T
381,Bill Clinton GlassSteagall repeal nothing financial crisis ,Mostly True,T
382,John Kasich I took state Ohio NUM billion hole  NUM billion surplus ,Mostly True,T
383,Hillary Clinton says stock market done better Democratic presidents ,Mostly True,T
384,Donald Trump Black income unemployment worse ever ,False,T
385,Barack Obama tells Jon Stewart economy every metric better took office ,Mostly False,T
386,Hillary Clinton says called Wall Street regulations early financial crisis ,True,T
387,Bernie Sanders says real unemployment rate African American youth NUM percent ,Mostly True,T
388,Fiorina US destroying businesses creates first time history ,Half-True,T
389,Bernie Sanders says income inequality widest since NUMs ,Mostly True,T
390,Donald Trump Chevrolet Tokyo Japan doesnt exist ,Mostly False,T
391,Donald Trump says real unemployment rate NUM NUM percent ,False,T
392,Donald Trump gets claim US GDP doubly wrong ,Pants on Fire!,T
393,Martin OMalley says first time since WWII NUM us earn less NUM years ago ,Half-True,T
394,Marco Rubio says first time NUM years businesses dying starting ,True,T
395,Was Ronald Reagans record black unemployment better Barack Obamas ,Pants on Fire!,T
396,Hillary Clinton says hedge fund managers pay less taxes nurses truck drivers ,False,T
397,Labor Secretary Thomas Perez weighs incarcerations role innercity Baltimores bleak job picture ,Half-True,T
398,Carly Fiorina fights back HP layoff claims says doubled size company ,Mostly True,T
399,John Boehner We spend money antacids politics ,False,T
400,Jeb Bush correct median income fallen US since end recession ,True,T
401,Meme touts Mark Daytons economic successes governor Minnesota accurate ,Half-True,T
402,Martin OMalley says US seen falling wages NUM straight years ,Half-True,T
403,Ted Cruz Small business going business record numbers ,False,T
404,White House aide says job growth fastest pace countrys history ,False,T
405,James Webb says stock market tripled value since NUM ,Mostly True,T
406,Lindsey Graham wrong Meet Press Labor participation rate alltime low ,Mostly False,T
407,Ted Cruz says NUM million Americans arent working ,Mostly False,T
408,Jeb Bush says millions given looking work ,Mostly True,T
409,John Boehner says Obamacare puts penalty tax employers every new job create ,Half-True,T
410,CEO Carls Jr says Obamacare caused millions fulltime jobs become parttime ,Half-True,T
411,Obama says automakers paid back loans got admin ,Mostly False,T
412,Barack Obama says US economy creating jobs fastest pace since NUM ,True,T
413,Barack Obama says unemployment rate lower financial crisis NUM ,Mostly True,T
414,Obama Since NUM US created jobs advanced economies combined ,Half-True,T
415,Barack Obama says US auto industry created NUM new jobs past NUM years ,True,T
416,Obama factories opening today two decades ago ,Mostly True,T
417,Warren average family bottom NUM percent made money NUM years ago ,Mostly True,T
418,Mitch McConnell says economic uptick coincides expectation GOP Senate takeover ,False,T
419,Marco Rubio says Castros embargo reason Cubans dont Internet ,Mostly True,T
420,Social media meme says number unemployed risen sharply Barack Obama ,Pants on Fire!,T
421,Obama US put people back work advanced economies combined ,Half-True,T
422,Does raising minimum wage always result job growth ,Mostly False,T
423,Joni Ernst praises Iowa economy compares weak US wage trend ,Mostly False,T
424,Barack Obama says states raised minimum wages higher job growth year ,Half-True,T
425,Thom Tillis says North Carolina near national average unemployment ,Half-True,T
426,Thom Tillis says Kay Hagan voted kill equivalent NUM million jobs ,Mostly False,T
427,Barack Obama says deficit fell NUM percent GDP NUM percent watch ,Half-True,T
428,Do countries higher minimum wage United States  ,Half-True,T
429,Rand Paul says income inequality worse cities Democratic mayors ,Half-True,T
430,Rand Paul rightly says government shutdown expensive keeping open ,True,T
431,Rob Astorino GOP challenger Andrew Cuomo says New York worst recovery recession ,False,T
432,Graham Russia economy size Italy ,Mostly True,T
433,Barack Obama says US recovered recession better almost every advanced country ,Mostly True,T
434,Democratic group says Pennsylvania NUMth job creation Gov Tom Corbett ,Mostly True,T
435,Hillary Clinton says economic stats NUM times better Bill Clinton Ronald Reagan ,False,T
436,Social media meme says Alan Greenspan said insecure workers serve masters gladly ,Pants on Fire!,T
437,Rep Hartzler says ExportImport Bank free taxpayers ,Half-True,T
438,John Boehner says Keystone XL pipeline would create NUM jobs ,False,T
439,Did Republican Senate candidate Tillis cut NUM million North Carolina education budget ,Half-True,T
440,In new book Hillary Clinton touts qualityoflife advances Afghanistan ,Mostly True,T
441,Alison Lundergan Grimes charges Mitch McConnell says job bring jobs Kentucky ,Half-True,T
442,Boehner Obamas climate change policies kill NUM jobs surge electric bills billions ,False,T
443,Social media meme says NUM joined food stamp rolls every job created Barack Obama ,False,T
444,Elizabeth Warren says top five banks NUM percent larger time bailout ,Mostly True,T
445,Does NUM minimum wage get poverty ,Half-True,T
446,Social media meme says lawmakers get NUM raise January NUM ,Half-True,T
447,Pennsylvania Gov Tom Corbett attacks Democratic rival Tom Wolf taxes job losses ,Mostly False,T
448,Barack Obama says average minimum wage worker NUM years old ,Mostly False,T
449,Social media meme says NUM suicides attributable foreclosures ,Pants on Fire!,T
450,Senate Dem group claims Koch brothers support tax breaks outsourcing jobs ,False,T
451,White House says helped minimumwage hike fulltime workers average age NUM ,Half-True,T
452,Rob Portman says average US family earning NUM less five years ago ,True,T
453,Barack Obama says half Republicans agree proposed minimum wage hike ,Mostly True,T
454,John Kerry tells CBS viewers Russian isolation comes big economic risks ,Mostly True,T
455,Barack Obama says fewer black Latino young men participate labor force young white men ,Mostly True,T
456,Bobby Jindal says Louisianas growth outpaced nations since recession ,Mostly True,T
457,NRCC says Congressional Budget Office predicts Obamacare cost economy NUM million jobs ,Mostly False,T
458,Rand Paul says Barack Obama spent nearly trillion dollars makework government jobs ,False,T
459,Business leaders declared China longer worlds No NUM place invest America Obama says ,Mostly True,T
460,Barack Obama says minimum wage higher Ronald Reagans first State Union ,Mostly True,T
461,Rep McMorris Rodgers says people stopped looking job found one ,Half-True,T
462,In State Union Obama says US produces oil buys ,True,T
463,In State Union Obama says average wages barely budged past NUM years ,True,T
464,Labor force participation lowest point since NUM says Texas Sen Ted Cruz ,Mostly True,T
465,Obama says US produces oil imports first time nearly NUM years ,True,T
466,Rep Steve Southerland RFla says NUM percent jobs escape poverty ,Mostly True,T
467,Rand Paul says longer people get unemployment insurance provides disincentive work ,Mostly True,T
468,There NUM unemployed people every job opening Obama adviser says ,True,T
469,Barbara Lee says NUM percent people food assistance working ,Mostly True,T
470,Rob Portman says NUM percent Americans get paid minimum wage ,Mostly True,T
471,Facebook meme says Vladimir Putin accused Barack Obama idiot ,Pants on Fire!,T
472,Barack Obama says minimum wage lower Harry Truman ,Half-True,T
473,Schakowsky said based GDP per capita United States never richer ,True,T
474,Ted Cruz says US averaged NUM percent growth past four years ,Mostly False,T
475,Conservative group says Mary Landrieu backs Obamacare even decreases fulltime employment ,Mostly False,T
476,Half CEOs said shutdown set back hiring plans next NUM months says Obama ,Mostly True,T
477,Louie Gohmert says deficit ballooned NUM billion NUM trillion one year ,Mostly False,T
478,Charles Schumer says Dow Jones lost NUM points last debt ceiling fight ,Mostly True,T
479,John Boehner says US record revenues year ,Half-True,T
480,Robert Reich says sanctions Iran suffering NUM inflation NUM unemployment ,Mostly True,T
481,John Boehner says Americans leaving workforce finding jobs ,Half-True,T
482,Nikki Haley says South Carolina fastest growth Southeast ,Mostly True,T
483,Alan Krueger top economist Obama says new jobs since health care law passed full time ,True,T
484,Susan Collins says year overwhelming majority new jobs part time ,True,T
485,Barack Obama says year best start privatesector job creation since NUM ,Mostly True,T
486,Barack Obama says minimum wage pays less Ronald Reagan sworn ,Mostly True,T
487,Are NUM million Americans working looking work ,Mostly False,T
488,Sen Marco Rubio says NUM small businesses say theyll fire workers cut hours Obamacare ,Pants on Fire!,T
489,Barack Obama says businesses created nearly twice many jobs current recovery previous recovery ,Half-True,T
490,Barack Obama says top NUM percent saw incomes quadruple typical family saw barely budge ,True,T
491,Bernie Sanders says six NUM Americans say wealth distributed equally ,True,T
492,Rep Cathy McMorris Rodgers says fewer working point since NUM ,Half-True,T
493,Does earning NUM Manhattan make middle class ,False,T
494,Rep Virginia Foxx warns mismatch skills available jobs ,Mostly True,T
495,Kevin McCarthy says federal government revenue time ,Mostly False,T
496,Barack Obama says US created half million manufacturing jobs three years ,True,T
497,Sean Hannity says President Barack Obama NUM million fewer Americans working ,False,T
498,Michael Moore said US lost millions jobs per month Bush ,False,T
499,Clint Eastwood says ad US borrows NUMB day much China ,Half-True,T
500,Mitt Romney says Latin Americas economy almost big economy China ,Half-True,T
501,Barack Obama touts record improving employment veterans ,Half-True,T
502,Barack Obama says administration created NUM million jobs ,Half-True,T
503,Mitt Romney ad says Barack Obama NUM unemployed women ,Half-True,T
504,Ad says Barack Obamas spending drove us NUM trillion deeper debt ,Half-True,T
505,Ad says Barack Obama promised jobless rate would NUM Congress passed stimulus ,Mostly False,T
506,Ad says workforce smaller Barack Obama time since Jimmy Carter ,Mostly False,T
507,Unionbacked ad says Mitt Romneys investments created zero jobs ,Pants on Fire!,T
508,Barack Obama says hes responsible NUM percent budget shortfalls ,False,T
509,Mitt Romneyaligned group says real unemployment rate NUM percent ,Mostly False,T
510,Mitt Romney says redistribution never characteristic America ,Pants on Fire!,T
511,Romney ad faults Obama falling incomes ,Half-True,T
512,Romney repeats claim Obama promised unemployment would exceed NUM percent ,Mostly False,T
513,Barack Obama says US gained halfmillion manufacturing jobs ,True,T
514,Strickland credits auto rescue Ohio manufacturing gains ,Half-True,T
515,Bill Clinton says NUM million jobs created Barack Obama ,Mostly True,T
516,Bill Clinton says Democratic presidents top Republican presidents job creation ,True,T
517,Did Mitt Romneys Massachusetts rank NUMth job creation ,Half-True,T
518,Mitt Romney says utility prices risen Barack Obama ,Half-True,T
519,Nikki Haley ties Obama Boeing labor dispute ,Half-True,T
520,Scott Walker says NUM NUM states last month saw unemploymentrate increases ,Half-True,T
521,Sher Valenzuela says regulation big factor holding back small businesses ,Half-True,T
522,Rep Michele Bachmann claims report says presidents policies drive unemployment ,False,T
523,Barack Obamas campaign says recovery outpaced Ronald Reagans job creation ,False,T
524,ProObama group blames Romney womans death ,False,T
525,Mitt Romney says NUM percent cities saw unemployment rise June ,Mostly False,T
526,Republican Jewish Coalition says half recent college grads cant find job ,Mostly True,T
527,Bernie Sanders says Walmart heirs wealth bottom NUM percent Americans ,True,T
528,Putting Mitt Romneys attacks You didnt build TruthOMeter ,False,T
529,Super PAC ad says Mitt Romney outsources jobs India ,Half-True,T
530,ProObama super PAC ad says thousands Chinese workers owe jobs Mitt Romneys companies ,Half-True,T
531,Did Barack Obama hold NUMplus fundraisers jobs council never met ,True,T
532,Were Romneys companies pioneers outsourcing  ,Half-True,T
533,Mitt Romney says reduced Massachusetts unemployment NUM percent ,Half-True,T
534,Barack Obama ad says manufacturing jobs fared worse Massachusetts Romney ,Half-True,T
535,Mitt Romney campaign says job growth Massachusetts accelerated gubernatorial term went ,Half-True,T
536,David Axelrod repeats claim Massachusetts Mitt Romney ranked NUMth job growth ,Half-True,T
537,Crossroads ad says Obama failed stem foreclosure crisis ,Mostly True,T
538,Viral Facebook post says Barack Obama lowest spending record recent president ,Mostly True,T
539,Did Mitt Romney flipflop economic stimulus ,Half Flip,T
540,Barack Obama says government job losses watch unprecedented ,False,T
541,Mitt Romney says creating NUM net jobs month historically normal ,Half-True,T
542,Mitt Romney says youth unemployment rate double Americans ,Half-True,T
543,Barack Obama says family incomes fallen NUM percent ,Half-True,T
544,Tavis Smiley says one two Americans  living either near poverty ,Half-True,T
545,Vice President Joe Biden says General Motors largest corporation world ,False,T
546,President Barack Obama campaign video says auto companies repaid loans ,Half-True,T
547,Obama campaign movie says auto bailout money run took office ,Mostly True,T
548,NRCC ad blames Barack Obama food stamp use rising NUM day ,Half-True,T
549,NRCC ad says NUM jobs lost daily since President Barack Obama took office ,Mostly False,T
550,Citing Congressional Budget Office chamber ad says unemployment could exceed NUM percent ,Mostly False,T
551,Mitt Romney says president told people skip Vegas conventions ,Mostly False,T
552,Mitt Romney says broader measure national unemployment exceeds NUM percent ,True,T
553,In DebbieSpendItNow ad Pete Hoekstra errs unemployment rate statistic ,False,T
554,Sen Rick Santorum says warned meltdown bubble housing market ,Mostly False,T
555,Mitch Daniels says nearly half persons NUM go work today ,Pants on Fire!,T
556,Have privatesector jobs grown NUM million NUM months best annual totals since NUM ,Mostly True,T
557,President Barack Obama says bailout GM worlds top automaker ,Half-True,T
558,Mitt Romney says US median income declined NUM percent last four years ,Half-True,T
559,Rick Santorum says NUM spike oil prices caused Floridas economy falter ,Mostly False,T
560,Mitt Romney says NUM million Americans work ,Half-True,T
561,Newt Gingrich says Obama put people food stamps US President ,Half-True,T
562,Mitt Romney tweets Americans lost jobs Barack Obama president modern history ,Mostly False,T
563,Jon Huntsman accuses Mitt Romney enjoying firing people ,Mostly False,T
564,Mitt Romney says Barack Obama didnt expand US trade deals ,False,T
565,Mitt Romney says US inches away longer free economy ,Pants on Fire!,T
566,Huntsman repeats claim signed flat tax led nation job creation Utah governor ,Half-True,T
567,Mitt Romney says US income almost NUM percent higher Europe ,Mostly True,T
568,Barack Obama reelection video says closed corporate tax loopholes sending profits overseas ,Half-True,T
569,Did Fed create NUM trillion bailout send NUM trillion overseas ,Mostly False,T
570,Newt Gingrich says unemployment dropped people stopped looking work ,Mostly False,T
571,Newt Gingrich says Barack Obama killed jobs energy manufacturing ,Mostly False,T
572,Mitt Romney changes position TARP DNC says ,False,T
573,Republican National Committee Web video attacks Barack Obamas economic record Pennsylvania ,Half-True,T
574,Mitt Romney ad charges Obama said If keep talking economy going lose ,Pants on Fire!,T
575,Drug Addict TV ad says US borrows NUM cents dollar ,Mostly True,T
576,Debbie Wasserman Schultz says Obama created millions manufacturing jobs ,Half-True,T
577,Rachel Maddow says Wall Street fees claim third NUMk values ,Mostly False,T
578,Blog post says GOP sponsored zero job creation bills ,Pants on Fire!,T
579,Harry Reid says clear private sector jobs fine ,Mostly False,T
580,Mitt Romney hits Rick Perry saying NUM percent Texas job growth went illegal immigrants ,Half-True,T
581,Rick Santorum says twoparent families better financially ,Half-True,T
582,Jon Huntsman touts record taxes job creation New Hampshire debate ,Half-True,T
583,Mitt Romney says rising government share threatens free economy ,Mostly False,T
584,Are statistics Occupied Wall Street Journal correct ,Half-True,T
585,Viral Facebook post CEOworker pay ratio obscure past ,False,T
586,Barack Obama says Arab Spring sent gas prices higher ,Half-True,T
587,David Axelrod says typical white male worker earning NUM ,Mostly True,T
588,Gary Johnson says US bankrupt ,False,T
589,Barbara Boxer says NUM richest taxpayers saw incomes grow NUM tax rates fall NUM ,Mostly True,T
590,Nancy Pelosi says jobs increased faster NUM eight years Bush ,Half-True,T
591,Eric Cantor blog post attacks Barack Obama tax soup kitchens ,Mostly False,T
592,Ron Paul says Rick Perry government jobs grew NUM Texas ,Half-True,T
593,Rick Perry says NUM stimulus created zero jobs ,Pants on Fire!,T
594,Michele Bachmann says gasoline cost NUM gallon Barack Obama took office ,True,T
595,Jon Huntsman says Utah No NUM job creation governor ,Half-True,T
596,Barack Obama says payroll tax cut boosted average family income NUM ,Mostly True,T
597,Bachmann says Obama virtually one cabinet privatesector experience ,Pants on Fire!,T
598,Robert Reich says ratio corporate profits wages highest since Great Depression ,True,T
599,Brazile said NUM percent black wealth disappeared downturn ,Mostly True,T
600,Mitt Romney said governor built Massachusetts rainy day fund ,Mostly True,T
601,Romney says government grown NUM percent NUM percent US economy ,Mostly True,T
602,Mitt Romney gets another Pants Fire saying inches away capitalist ,Pants on Fire!,T
603,Ron Paul ad says Democrats want tax increases ,False,T
604,Raul Labrador says tax hike led spike Michigan unemployment ,Mostly False,T
605,Jennifer Granholm says massive government cuts Michigan didnt spur growth ,Mostly True,T
